{"cameraMode":{"drawMode":0,"name":"Shaded","section":"Shading Mode"},"sceneLighting":true,"audioPlay":false,"sceneViewState":{"m_AlwaysRefresh":false,"showFog":true,"showSkybox":false,"showFlares":true,"showImageEffects":true,"showParticleSystems":true,"showVisualEffectGraphs":true,"m_FxEnabled":true},"in2DMode":false,"pivot":{"x":-2.321014404296875,"y":-0.3574411869049072,"z":0.30067014694213869},"rotation":{"x":0.05424337089061737,"y":-0.7783268690109253,"z":0.06788083165884018,"w":0.6218345761299133},"size":3.464101552963257,"orthographic":false}