{"cameraMode":{"drawMode":0,"name":"Shaded","section":"Shading Mode"},"sceneLighting":true,"audioPlay":false,"sceneViewState":{"m_AlwaysRefresh":false,"showFog":true,"showSkybox":false,"showFlares":true,"showImageEffects":true,"showParticleSystems":true,"showVisualEffectGraphs":true,"m_FxEnabled":true},"in2DMode":false,"pivot":{"x":20.12360382080078,"y":-1.7045178413391114,"z":5.571541786193848},"rotation":{"x":0.28540998697280886,"y":0.020407533273100854,"z":-0.006084982771426439,"w":0.9581751227378845},"size":6.928203105926514,"orthographic":false}