{"cameraMode":{"drawMode":0,"name":"Shaded","section":"Shading Mode"},"sceneLighting":false,"audioPlay":false,"sceneViewState":{"m_AlwaysRefresh":false,"showFog":true,"showSkybox":false,"showFlares":true,"showImageEffects":true,"showParticleSystems":true,"showVisualEffectGraphs":true,"m_FxEnabled":true},"in2DMode":false,"pivot":{"x":-0.09701332449913025,"y":0.010194748640060425,"z":7.450580596923828e-9},"rotation":{"x":0.2557760179042816,"y":0.3187161087989807,"z":-0.08975875377655029,"w":0.9082731604576111},"size":0.7072558999061585,"orthographic":false}