{"cameraMode":{"drawMode":0,"name":"Shaded","section":"Shading Mode"},"sceneLighting":true,"audioPlay":false,"sceneViewState":{"m_AlwaysRefresh":false,"showFog":true,"showSkybox":false,"showFlares":true,"showImageEffects":true,"showParticleSystems":true,"showVisualEffectGraphs":true,"m_FxEnabled":true},"in2DMode":false,"pivot":{"x":0.40218091011047366,"y":-0.44751787185668948,"z":-0.16564536094665528},"rotation":{"x":0.16287153959274293,"y":-0.8354662656784058,"z":0.39894846081733706,"w":0.3410729467868805},"size":3.4641032218933107,"orthographic":false}