{"cameraMode":{"drawMode":0,"name":"Shaded","section":"Shading Mode"},"sceneLighting":false,"audioPlay":false,"sceneViewState":{"m_AlwaysRefresh":false,"showFog":true,"showSkybox":false,"showFlares":true,"showImageEffects":true,"showParticleSystems":true,"showVisualEffectGraphs":true,"m_FxEnabled":true},"in2DMode":false,"pivot":{"x":-0.9812617301940918,"y":-0.03767728805541992,"z":0.3717097043991089},"rotation":{"x":-0.0749376192688942,"y":0.8149707913398743,"z":-0.10820317268371582,"w":-0.5643770694732666},"size":2.0991733074188234,"orthographic":false}