{"cameraMode":{"drawMode":0,"name":"Shaded","section":"Shading Mode"},"sceneLighting":false,"audioPlay":false,"sceneViewState":{"m_AlwaysRefresh":false,"showFog":true,"showSkybox":false,"showFlares":true,"showImageEffects":true,"showParticleSystems":true,"showVisualEffectGraphs":true,"m_FxEnabled":true},"in2DMode":false,"pivot":{"x":-0.31461000442504885,"y":2.9965269565582277,"z":-1.9167248010635377},"rotation":{"x":-0.15973502397537232,"y":0.6284158825874329,"z":-0.13394132256507874,"w":-0.749427318572998},"size":5.5404558181762699,"orthographic":false}