{"cameraMode":{"drawMode":0,"name":"Shaded","section":"Shading Mode"},"sceneLighting":false,"audioPlay":false,"sceneViewState":{"m_AlwaysRefresh":false,"showFog":true,"showSkybox":false,"showFlares":true,"showImageEffects":true,"showParticleSystems":true,"showVisualEffectGraphs":true,"m_FxEnabled":true},"in2DMode":false,"pivot":{"x":-0.03001570701599121,"y":0.036647677421569827,"z":0.008119046688079834},"rotation":{"x":-0.21099938452243806,"y":0.6220641136169434,"z":-0.17922046780586244,"w":-0.7324094772338867},"size":1.7031688690185547,"orthographic":false}