{"cameraMode":{"drawMode":0,"name":"Shaded","section":"Shading Mode"},"sceneLighting":false,"audioPlay":false,"sceneViewState":{"m_AlwaysRefresh":false,"showFog":true,"showSkybox":false,"showFlares":true,"showImageEffects":true,"showParticleSystems":true,"showVisualEffectGraphs":true,"m_FxEnabled":true},"in2DMode":false,"pivot":{"x":0.24709999561309815,"y":0.4409672021865845,"z":0.44509536027908327},"rotation":{"x":0.17617227137088777,"y":0.8230683207511902,"z":-0.4006473422050476,"w":0.3619723320007324},"size":1.022572636604309,"orthographic":false}