{"cameraMode":{"drawMode":0,"name":"Shaded","section":"Shading Mode"},"sceneLighting":false,"audioPlay":false,"sceneViewState":{"m_AlwaysRefresh":false,"showFog":true,"showSkybox":false,"showFlares":true,"showImageEffects":true,"showParticleSystems":true,"showVisualEffectGraphs":true,"m_FxEnabled":true},"in2DMode":false,"pivot":{"x":0.6030791997909546,"y":-0.0652850866317749,"z":-0.3051741123199463},"rotation":{"x":0.008478229865431786,"y":-0.9280611872673035,"z":0.3717564046382904,"w":0.021137522533535959},"size":0.8276729583740234,"orthographic":false}