{"cameraMode":{"drawMode":0,"name":"Shaded","section":"Shading Mode"},"sceneLighting":false,"audioPlay":false,"sceneViewState":{"m_AlwaysRefresh":false,"showFog":true,"showSkybox":false,"showFlares":true,"showImageEffects":true,"showParticleSystems":true,"showVisualEffectGraphs":true,"m_FxEnabled":true},"in2DMode":false,"pivot":{"x":0.055509865283966067,"y":2.401948928833008,"z":-1.4034204483032227},"rotation":{"x":-0.16842469573020936,"y":-0.05555318295955658,"z":0.009511293843388558,"w":-0.9841195940971375},"size":2.9891154766082765,"orthographic":false}