{"cameraMode":{"drawMode":0,"name":"Shaded","section":"Shading Mode"},"sceneLighting":false,"audioPlay":false,"sceneViewState":{"m_AlwaysRefresh":false,"showFog":true,"showSkybox":false,"showFlares":true,"showImageEffects":true,"showParticleSystems":true,"showVisualEffectGraphs":true,"m_FxEnabled":true},"in2DMode":false,"pivot":{"x":1.095213532447815,"y":-0.080344557762146,"z":-3.0715367794036867},"rotation":{"x":0.0027001183480024339,"y":-0.9842712879180908,"z":0.1760585904121399,"w":0.015035728923976422},"size":2.865464448928833,"orthographic":false}